{
 "ok": true,
 "cx": 495.0,
 "cy": -647.0,
 "lx": 54.0,
 "ly": 42.0,
 "z_floor": -18.49456983231479,
 "z_surface": 0.0,
 "clear_min_mesure": 4.992156862745098,
 "spawn": [
  486.0,
  -632.0,
  -8.0
 ]
}