{
 "jour": true,
 "motif": "rayons traversent jusqu'a z=-8.0 (fond -19.4) -> jour ~11.4 m",
 "clearance_m": 11.4,
 "sanity": {
  "LaserDown": 9.416446685791016,
  "LaserUp": 30.0,
  "LaserFwd": 27.502540588378906
 },
 "up_hits_surface": false,
 "z_floor": -19.41644859313965,
 "n_empreinte": 7,
 "passe2": {
  "(532.0, -683.5)": 10.61,
  "(532.0, -679.0)": 1.05,
  "(532.0, -677.5)": 30.0,
  "(532.0, -676.0)": 9.99,
  "(533.0, -688.0)": 19.01,
  "(534.0, -682.0)": 18.99,
  "(534.0, -676.0)": 9.46
 },
 "passe3_z": [
  -18.82,
  -18.22,
  -17.62,
  -17.02,
  -16.42,
  -15.82,
  -15.22,
  -14.62,
  -14.02,
  -13.42,
  -12.82,
  -12.22,
  -11.62,
  -11.02,
  -10.42,
  -9.82,
  -9.22,
  -8.62,
  -8.02
 ],
 "passe3": {
  "-684.0": [
   14.9,
   19.8,
   19.8,
   19.8,
   19.8,
   19.9,
   25.5,
   25.5,
   19.9,
   30.0,
   30.0,
   30.0,
   25.5,
   19.8,
   30.0,
   30.0,
   25.5,
   30.0,
   30.0
  ],
  "-683.0": [
   30.0,
   19.8,
   19.8,
   30.0,
   30.0,
   30.0,
   30.0,
   30.0,
   30.0,
   30.0,
   30.0,
   30.0,
   30.0,
   30.0,
   30.0,
   30.0,
   30.0,
   30.0,
   30.0
  ],
  "-682.0": [
   30.0,
   30.0,
   19.8,
   30.0,
   30.0,
   30.0,
   19.8,
   30.0,
   30.0,
   30.0,
   19.8,
   30.0,
   30.0,
   30.0,
   19.8,
   30.0,
   30.0,
   30.0,
   30.0
  ],
  "-681.0": [
   30.0,
   30.0,
   30.0,
   19.8,
   30.0,
   30.0,
   30.0,
   19.8,
   30.0,
   30.0,
   30.0,
   19.8,
   30.0,
   19.8,
   30.0,
   19.8,
   30.0,
   30.0,
   30.0
  ],
  "-680.0": [
   19.8,
   19.8,
   19.8,
   19.8,
   19.8,
   19.8,
   19.8,
   19.8,
   19.8,
   19.8,
   19.8,
   19.8,
   19.8,
   19.8,
   19.8,
   19.8,
   19.8,
   19.8,
   19.8
  ],
  "-679.0": [
   30.0,
   30.0,
   30.0,
   19.8,
   30.0,
   30.0,
   30.0,
   19.8,
   30.0,
   30.0,
   30.0,
   19.8,
   30.0,
   19.8,
   30.0,
   30.0,
   30.0,
   30.0,
   30.0
  ]
 }
}